{
  "parent": "minecraft:item/generated",
  "textures": {
    "layer0": "minecraft:item/iron_ingot"
  },
  "overrides": [
    {
      "predicate": { "custom_model_data": 1001 },
      "model": "minecraft:item/gunbarrel"
    },
    {
      "predicate": { "custom_model_data": 1002 },
      "model": "minecraft:item/trigger"
    },
    {
      "predicate": { "custom_model_data": 1003 },
      "model": "minecraft:item/magazine"
    },
    {
      "predicate": { "custom_model_data": 1004 },
      "model": "minecraft:item/receiver"
    },
    {
      "predicate": { "custom_model_data": 1005 },
      "model": "minecraft:item/plastic-grip"
    },
    {
      "predicate": { "custom_model_data": 1006 },
      "model": "minecraft:item/wooden-grip"
    }
  ]
}
